title,authors,year,venue,doi,abstract,source_url,discovery_source,discovery_query,inclusion_path,citation_count,reference_count,affiliations,candidate_id,scored_at,is_preprint,venue_score,citation_score,institution_score,institution_bonus,relevance_score,total_quality_score,review_reason,recommended_action,harvest_source,rescore_run_id
Open Source Intelligence for Malicious Behavior Discovery and Interpretation,Yi-Ting Huang; Chi Yu Lin; Ying-REN Guo; Kai-Chieh Lo; Yeali S. Sun; Meng Chang Chen,2021.0,IEEE Transactions on Dependable and Secure Computing,10.1109/tdsc.2021.3119008,,https://doi.org/10.1109/tdsc.2021.3119008,OpenAlex,open source intelligence,discovery,36.0,54.0,,14,2026-04-24T20:55:25.328495+00:00,False,100.0,78.24,20.0,0.0,37.5,75.67,,auto-include,Crossref DOI,b192694f26124fa8ae2c647f4081d5b5
"The Not Yet Exploited Goldmine of OSINT: Opportunities, Open Challenges and Future Trends",Javier Pastor-Galindo; Pantaleone Nespoli; Felix Gomez Marmol; Gregorio Martinez Perez,2020.0,IEEE Access,10.1109/access.2020.2965257,,https://doi.org/10.1109/access.2020.2965257,OpenAlex,OSINT methodology,discovery,151.0,97.0,,52,2026-04-24T20:55:25.328495+00:00,False,100.0,100.0,20.0,0.0,25.0,81.25,,auto-include,Crossref DOI,b192694f26124fa8ae2c647f4081d5b5
Robust Botnet DGA Detection: Blending XAI and OSINT for Cyber Threat Intelligence Sharing,Hatma Suryotrisongko; Yasuo Musashi; Akio Tsuneda; Kenichi Sugitani,2022.0,IEEE Access,10.1109/access.2022.3162588,,https://doi.org/10.1109/access.2022.3162588,OpenAlex,OSINT investigation,discovery,79.0,59.0,,133,2026-04-24T20:55:25.328495+00:00,False,100.0,94.95,20.0,0.0,37.5,82.35,,auto-include,Crossref DOI,b192694f26124fa8ae2c647f4081d5b5
Social Media Analytics and Intelligence,Daniel Zeng; Hsinchun Chen; Robert Lusch; Shu-Hsing Li,2010.0,IEEE Intelligent Systems,10.1109/mis.2010.151,,https://doi.org/10.1109/mis.2010.151,OpenAlex,social media intelligence,discovery,579.0,0.0,,150,2026-04-24T20:55:25.328495+00:00,False,100.0,100.0,20.0,0.0,37.5,84.38,,auto-include,Crossref DOI,b192694f26124fa8ae2c647f4081d5b5
Statistical and structural approaches to texture,R.M. Haralick,1979.0,Proceedings of the IEEE,10.1109/proc.1979.11328,,https://doi.org/10.1109/proc.1979.11328,OpenAlex,digital investigation techniques,discovery,5737.0,90.0,,213,2026-04-24T20:55:25.328495+00:00,False,100.0,100.0,20.0,0.0,0.0,75.0,,auto-include,Crossref DOI,b192694f26124fa8ae2c647f4081d5b5
Categories of digital investigation analysis techniques based on the computer history model,Brian D. Carrier; Eugene H. Spafford,2006.0,Digital Investigation,10.1016/j.diin.2006.06.011,,https://doi.org/10.1016/j.diin.2006.06.011,OpenAlex,digital investigation techniques,discovery,65.0,12.0,,215,2026-04-24T20:55:25.328495+00:00,False,100.0,90.78,20.0,0.0,37.5,80.69,,auto-include,Crossref DOI,b192694f26124fa8ae2c647f4081d5b5
Artificial Intelligence Security: Threats and Countermeasures,Yupeng Hu; Wenxin Kuang; Zheng Qin; Kenli Li; Jiliang Zhang; Yansong Gao; Wenjia Li; Keqin Li,2021.0,ACM Computing Surveys,10.1145/3487890,"In recent years, with rapid technological advancement in both computing hardware and algorithm, Artificial Intelligence (AI) has demonstrated significant advantage over human being in a wide range of fields, such as image recognition, education, autonomous vehicles, finance, and medical diagnosis. However, AI-based systems are generally vulnerable to various security threats throughout the whole process, ranging from the initial data collection and preparation to the training, inference, and final deployment. In an AI-based system, the data collection and pre-processing phase are vulnerable to sensor spoofing attacks and scaling attacks, respectively, while the training and inference phases of the model are subject to poisoning attacks and adversarial attacks, respectively. To address these severe security threats against the AI-based systems, in this article, we review the challenges and recent research advances for security issues in AI, so as to depict an overall blueprint for AI security. More specifically, we first take the lifecycle of an AI-based system as a guide to introduce the security threats that emerge at each stage, which is followed by a detailed summary for corresponding countermeasures. Finally, some of the future challenges and opportunities for the security issues in AI will also be discussed.",https://doi.org/10.1145/3487890,OpenAlex,threat intelligence collection,discovery,174.0,122.0,,276,2026-04-24T20:55:25.328495+00:00,False,100.0,100.0,20.0,0.0,62.5,90.62,,auto-include,Crossref DOI,b192694f26124fa8ae2c647f4081d5b5
"A Survey on Security, Privacy, and Trust in Mobile Crowdsourcing",Wei Feng; Zheng Yan; Hengrun Zhang; Kai Zeng; Yu Xiao; Y. Thomas Hou,2017.0,IEEE Internet of Things Journal,10.1109/jiot.2017.2765699,,https://doi.org/10.1109/jiot.2017.2765699,OpenAlex,threat intelligence collection,discovery,152.0,144.0,,279,2026-04-24T20:55:25.328495+00:00,False,100.0,100.0,20.0,0.0,0.0,75.0,,auto-include,Crossref DOI,b192694f26124fa8ae2c647f4081d5b5
Blockchain-enabled Federated Learning: A Survey,Youyang Qu; Md Palash Uddin; Chenquan Gan; Yong Xiang; Longxiang Gao; John Yearwood,2022.0,ACM Computing Surveys,10.1145/3524104,"Federated learning (FL) has experienced a boom in recent years, which is jointly promoted by the prosperity of machine learning and Artificial Intelligence along with emerging privacy issues. In the FL paradigm, a central server and local end devices maintain the same model by exchanging model updates instead of raw data, with which the privacy of data stored on end devices is not directly revealed. In this way, the privacy violation caused by the growing collection of sensitive data can be mitigated. However, the performance of FL with a central server is reaching a bottleneck, while new threats are emerging simultaneously. There are various reasons, among which the most significant ones are centralized processing, data falsification, and lack of incentives. To accelerate the proliferation of FL, blockchain-enabled FL has attracted substantial attention from both academia and industry. A considerable number of novel solutions are devised to meet the emerging demands of diverse scenarios. Blockchain-enabled FL provides both theories and techniques to improve the performance of FL from various perspectives. In this survey, we will comprehensively summarize and evaluate existing variants of blockchain-enabled FL, identify the emerging challenges, and propose potentially promising research directions in this under-explored domain.",https://doi.org/10.1145/3524104,OpenAlex,threat intelligence collection,discovery,251.0,164.0,,282,2026-04-24T20:55:25.328495+00:00,False,100.0,100.0,20.0,0.0,75.0,93.75,,auto-include,Crossref DOI,b192694f26124fa8ae2c647f4081d5b5
Oxford Handbook of Internet Psychology,Adam Joinson; Katelyn Y. A. McKenna; Tom Postmes; Ulf‐Dietrich Reips,2012.0,Oxford Handbooks Online,10.1093/oxfordhb/9780199561803.001.0001,"The Oxford Handbook of Internet Psychology brings together many researchers in what can be termed Internet Psychology. Though a very new area of research, Internet Psychology is a fast-growing one. In addition to well-studied areas of investigation, such as social identity theory, computer-mediated communication, and virtual communities, the book also includes articles on topics as diverse as deception and misrepresentation, attitude change and persuasion online, Internet addiction, online relationships, privacy and trust, health and leisure use of the Internet, and the nature of interactivity. With over thirty articles written by experts in the field, it serves to define this emerging area of research. This content is supported by a section covering the use of the Internet as a research tool, including qualitative and quantitative methods, online survey design, personality testing, ethics, and technological and design issues. While it is likely to be a popular research resource to be ‘dipped into’, as a whole book it is coherent enough to act as a single textbook.",https://doi.org/10.1093/oxfordhb/9780199561803.001.0001,OpenAlex,internet investigation methods,discovery,1121.0,0.0,,330,2026-04-24T20:55:25.328495+00:00,False,40.0,100.0,20.0,0.0,100.0,79.0,,auto-include,Crossref DOI,b192694f26124fa8ae2c647f4081d5b5
Digital Twin Shop-Floor: A New Shop-Floor Paradigm Towards Smart Manufacturing,Fei Tao; Meng Zhang,2017.0,IEEE Access,10.1109/access.2017.2756069,,https://doi.org/10.1109/access.2017.2756069,OpenAlex,internet investigation methods,discovery,1294.0,41.0,,336,2026-04-24T20:55:25.328495+00:00,False,100.0,100.0,20.0,0.0,12.5,78.12,,auto-include,Crossref DOI,b192694f26124fa8ae2c647f4081d5b5
Detecting Cybersecurity Attacks in Internet of Things Using Artificial Intelligence Methods: A Systematic Literature Review,Mujaheed Abdullahi; Yahia Baashar; Hitham Alhussian; Ayed Alwadain; Norshakirah Aziz; Luiz Fernando Capretz; Said Jadid Abdulkadir,2022.0,Electronics,10.3390/electronics11020198,"In recent years, technology has advanced to the fourth industrial revolution (Industry 4.0), where the Internet of things (IoTs), fog computing, computer security, and cyberattacks have evolved exponentially on a large scale. The rapid development of IoT devices and networks in various forms generate enormous amounts of data which in turn demand careful authentication and security. Artificial intelligence (AI) is considered one of the most promising methods for addressing cybersecurity threats and providing security. In this study, we present a systematic literature review (SLR) that categorize, map and survey the existing literature on AI methods used to detect cybersecurity attacks in the IoT environment. The scope of this SLR includes an in-depth investigation on most AI trending techniques in cybersecurity and state-of-art solutions. A systematic search was performed on various electronic databases (SCOPUS, Science Direct, IEEE Xplore, Web of Science, ACM, and MDPI). Out of the identified records, 80 studies published between 2016 and 2021 were selected, surveyed and carefully assessed. This review has explored deep learning (DL) and machine learning (ML) techniques used in IoT security, and their effectiveness in detecting attacks. However, several studies have proposed smart intrusion detection systems (IDS) with intelligent architectural frameworks using AI to overcome the existing security and privacy challenges. It is found that support vector machines (SVM) and random forest (RF) are among the most used methods, due to high accuracy detection another reason may be efficient memory. In addition, other methods also provide better performance such as extreme gradient boosting (XGBoost), neural networks (NN) and recurrent neural networks (RNN). This analysis also provides an insight into the AI roadmap to detect threats based on attack categories. Finally, we present recommendations for potential future investigations.",https://doi.org/10.3390/electronics11020198,Semantic Scholar,internet investigation methods,discovery,272.0,,,360,2026-04-24T20:55:25.328495+00:00,False,40.0,100.0,20.0,0.0,100.0,79.0,,auto-include,Crossref DOI,b192694f26124fa8ae2c647f4081d5b5
Routing Attacks and Mitigation Methods for RPL-Based Internet of Things,Ahmed Raoof; Ashraf Matrawy; Chung-Horng Lung,2019.0,IEEE Communications Surveys &amp; Tutorials,10.1109/comst.2018.2885894,"The recent bloom of Internet of Things (IoT) and its prevalence in many security-sensitive environments made the security of these networks a crucial requirement. Routing in many of IoT networks has been performed using the routing protocol for low power and lossy networks (RPL), due to its energy-efficient mechanisms, secure modes availability, and its adaptivity to work in various environments; hence, RPL security has been the focus of many researchers. This paper presents a comprehensive study of RPL, its known attacks, and the mitigation methods proposed to counter these attacks. We conducted a detailed review of the RPL standard, including a recently proposed modification. Also, we investigated all recently published attacks on RPL and their mitigation methods through the literature. Based on this investigation, and to the best of our knowledge, we introduced a first-of-its-kind classification scheme for the mitigation methods that is based on the techniques used for the mitigation. Furthermore, we thoroughly discussed RPL-based intrusion detection systems (IDSs) and their classifications, highlighting the most recently proposed IDSs.",https://doi.org/10.1109/comst.2018.2885894,Semantic Scholar,internet investigation methods,discovery,195.0,,,361,2026-04-24T20:55:25.328495+00:00,False,100.0,100.0,20.0,0.0,75.0,93.75,,auto-include,Crossref DOI,b192694f26124fa8ae2c647f4081d5b5
Application of cognitive Internet of Medical Things for COVID-19 pandemic,Swati Swayamsiddha; Chandana Mohanty,2020.0,Diabetes &amp; Metabolic Syndrome: Clinical Research &amp; Reviews,10.1016/j.dsx.2020.06.014,"Background and aim In the age of advanced digital technology, smart healthcare based on the Internet of Things (IoT) is gaining importance to deal with the current COVID-19 pandemic. In this paper, the novel application of cognitive radio (CR) based IoT specific for the medical domain referred to as Cognitive Internet of Medical Things (CIoMT) is explored to tackle the global challenge. This concept of CIoT is best suited to this pandemic as every person is to be connected and monitored through a massive network that requires efficient spectrum management. Methods An extensive literature survey is conducted in the Google Scholar, Scopus, PubMed, Research Gate, and IEEE Xplore databases using the terms “COVID-19” and “Cognitive IoT” or “Corona virus” and “IoMT”. The latest data and inputs from official websites and reports are used for further investigation and analysis of the application areas. Results This review encompasses different novel applications of CIoMT for fighting the ongoing COVID-19 health crisis. The CR based dynamic spectrum allocation technique is the solution for accommodating a massive number of devices and a wide number of applications. The CIoMT platform enables real-time tracking, remote health monitoring, rapid diagnosis of the cases, contact tracking, clustering, screening, and surveillance thus, reducing the workload on the medical industry for prevention and control of the infection. The challenges and future research directions are also identified. Conclusions CIoMT is a promising technology for rapid diagnosis, dynamic monitoring and tracking, better treatment and control without spreading the virus to others.",https://doi.org/10.1016/j.dsx.2020.06.014,Semantic Scholar,internet investigation methods,discovery,146.0,,,365,2026-04-24T20:55:25.328495+00:00,False,40.0,100.0,20.0,0.0,87.5,75.88,,auto-include,Crossref DOI,b192694f26124fa8ae2c647f4081d5b5
"The Principle, Methods and Recent Progress in RFID Positioning Techniques: A Review",Jingren Xu; Zhen Li; Kai Zhang; Jingwen Yang; Nan Gao; Zonghua Zhang; Zhaozong Meng,2023.0,IEEE Journal of Radio Frequency Identification,10.1109/jrfid.2022.3233855,"Radio Frequency Identification (RFID) has become a key enabler for the Industrial Internet of Things (IIoT). By taking advantage of the backscattered radio waves, the identity and position of RFID-labeled objects can be obtained simultaneously. Very many efforts have been devoted to the investigations of RFID positioning, but practical applications are rarely seen in industrial sectors. Motived by the potentiality of RFID positioning and the gap between research and practice, this investigation aims to provide an in-depth survey of the methods and the latest technical progress in RFID positioning to identify the underlying challenges. The main contributions include (1) A theoretical model of radio frequency backscatter coupling-based positioning and an in-depth analysis of the influencing parameters. (2) A new classification of RFID positioning techniques with a discussion of the latest progress. (3) A summary of the potential applications and the underlying challenges facing the state-of-the-art, including the simultaneous attitude and position acquisition and the flexible integration with practical applications. (4) The prospects of emerging technologies such as the integration of identification, sensing, and positioning, RFID positioning-powered robotics operations, and machine learning/deep learning algorithms are discussed. This investigation gives a comprehensive perspective on RFID positioning, which provides a reference for related research and practices.",https://doi.org/10.1109/jrfid.2022.3233855,Semantic Scholar,internet investigation methods,discovery,86.0,,,369,2026-04-24T20:55:25.328495+00:00,False,100.0,96.77,20.0,0.0,62.5,89.33,,auto-include,Crossref DOI,b192694f26124fa8ae2c647f4081d5b5
Counteracting Dark Web Text-Based CAPTCHA with Generative Adversarial Learning for Proactive Cyber Threat Intelligence,Ning Zhang; Mohammadreza Ebrahimi; Weifeng Li; Hsinchun Chen,2022.0,ACM Transactions on Management Information Systems,10.1145/3505226,"Automated monitoring of dark web (DW) platforms on a large scale is the first step toward developing proactive Cyber Threat Intelligence (CTI). While there are efficient methods for collecting data from the surface web, large-scale dark web data collection is often hindered by anti-crawling measures. In particular, text-based CAPTCHA serves as the most prevalent and prohibiting type of these measures in the dark web. Text-based CAPTCHA identifies and blocks automated crawlers by forcing the user to enter a combination of hard-to-recognize alphanumeric characters. In the dark web, CAPTCHA images are meticulously designed with additional background noise and variable character length to prevent automated CAPTCHA breaking. Existing automated CAPTCHA breaking methods have difficulties in overcoming these dark web challenges. As such, solving dark web text-based CAPTCHA has been relying heavily on human involvement, which is labor-intensive and time-consuming. In this study, we propose a novel framework for automated breaking of dark web CAPTCHA to facilitate dark web data collection. This framework encompasses a novel generative method to recognize dark web text-based CAPTCHA with noisy background and variable character length. To eliminate the need for human involvement, the proposed framework utilizes Generative Adversarial Network (GAN) to counteract dark web background noise and leverages an enhanced character segmentation algorithm to handle CAPTCHA images with variable character length. Our proposed framework, DW-GAN, was systematically evaluated on multiple dark web CAPTCHA testbeds. DW-GAN significantly outperformed the state-of-the-art benchmark methods on all datasets, achieving over 94.4% success rate on a carefully collected real-world dark web dataset. We further conducted a case study on an emergent Dark Net Marketplace (DNM) to demonstrate that DW-GAN eliminated human involvement by automatically solving CAPTCHA challenges with no more than three attempts. Our research enables the CTI community to develop advanced, large-scale dark web monitoring. We make DW-GAN code available to the community as an open-source tool in GitHub.",https://doi.org/10.1145/3505226,OpenAlex,dark web intelligence,discovery,29.0,30.0,,409,2026-04-24T20:55:25.328495+00:00,False,100.0,73.7,20.0,0.0,100.0,89.48,,auto-include,Crossref DOI,b192694f26124fa8ae2c647f4081d5b5
A Quantitative Investigation of the Acceptable Risk Levels of Object-Oriented Metrics in Open-Source Systems,R. Shatnawi,2010.0,IEEE Transactions on Software Engineering,10.1109/tse.2010.9,,https://doi.org/10.1109/tse.2010.9,OpenAlex,open source investigation,discovery,134.0,47.0,,498,2026-04-24T20:55:25.328495+00:00,False,100.0,100.0,20.0,0.0,37.5,84.38,,auto-include,Crossref DOI,b192694f26124fa8ae2c647f4081d5b5
Machine Learning and Deep Learning Methods for Cybersecurity,Yang Xin; Lingshuang Kong; Zhi Liu; Yuling Chen; Yanmiao Li; Hongliang Zhu; Mingcheng Gao; Haixia Hou; Chunhua Wang,2018.0,IEEE Access,10.1109/access.2018.2836950,,https://doi.org/10.1109/access.2018.2836950,OpenAlex,cybersecurity,discovery,1160.0,94.0,,526,2026-04-24T20:55:25.328495+00:00,False,100.0,100.0,20.0,0.0,25.0,81.25,,auto-include,Crossref DOI,b192694f26124fa8ae2c647f4081d5b5
Cybersecurity and Cyberwar,Peter W. Singer; Allan Friedman,2014.0,Oxford University Press,10.1093/wentk/9780199918096.001.0001,"Dependence on computers has had a transformative effect on human society. Cybernetics is now woven into the core functions of virtually every basic institution, including our oldest ones. War is one such institution, and the digital revolution’s impact on it has been profound. The American military, which has no peer, is almost completely reliant on high-tech computer systems. Given the Internet’s potential for full-spectrum surveillance and information disruption, the marshaling of computer networks represents the next stage of cyberwar. Indeed, it is upon us already. The recent Stuxnet episode, in which Israel fed a malignant computer virus into Iran’s nuclear facilities, is one such example. Penetration into US government computer systems by Chinese hackers-presumably sponsored by the Chinese government-is another. Together, they point to a new era in the evolution of human conflict. In Cybersecurity: What Everyone Needs to Know, noted experts Peter W. Singer and Allan Friedman lay out how the revolution in military cybernetics occurred and explain where it is headed. They begin with an explanation of what cyberspace is before moving on to discussions of how it can be exploited and why it is so hard to defend. Throughout, they discuss the latest developments in military and security technology. Singer and Friedman close with a discussion of how people and governments can protect themselves. In sum, Cybersecurity is the definitive account on the subject for the educated layman who wants to know more about the nature of war, conflict, and security in the twenty first century.",https://doi.org/10.1093/wentk/9780199918096.001.0001,OpenAlex,cybersecurity,discovery,469.0,0.0,,529,2026-04-24T20:55:25.328495+00:00,False,100.0,100.0,20.0,0.0,37.5,84.38,,auto-include,Crossref DOI,b192694f26124fa8ae2c647f4081d5b5
Recent Advances on Federated Learning for Cybersecurity and Cybersecurity for Federated Learning for Internet of Things,Bimal Ghimire; Danda B. Rawat,2022.0,IEEE Internet of Things Journal,10.1109/jiot.2022.3150363,,https://doi.org/10.1109/jiot.2022.3150363,OpenAlex,cybersecurity,discovery,437.0,143.0,,531,2026-04-24T20:55:25.328495+00:00,False,100.0,100.0,20.0,0.0,25.0,81.25,,auto-include,Crossref DOI,b192694f26124fa8ae2c647f4081d5b5
Vulnerability Assessment of Cybersecurity for SCADA Systems,Chee-Wooi Ten; Chen-Ching Liu; Govindarasu Manimaran,2008.0,IEEE Transactions on Power Systems,10.1109/tpwrs.2008.2002298,,https://doi.org/10.1109/tpwrs.2008.2002298,OpenAlex,cybersecurity,discovery,572.0,19.0,,532,2026-04-24T20:55:25.328495+00:00,False,100.0,100.0,20.0,0.0,12.5,78.12,,auto-include,Crossref DOI,b192694f26124fa8ae2c647f4081d5b5
From ChatGPT to ThreatGPT: Impact of Generative AI in Cybersecurity and Privacy,Maanak Gupta; Charankumar Akiri; Kshitiz Aryal; Eli Parker; Lopamudra Praharaj,2023.0,IEEE Access,10.1109/access.2023.3300381,,https://doi.org/10.1109/access.2023.3300381,OpenAlex,cybersecurity,discovery,648.0,9.0,,533,2026-04-24T20:55:25.328495+00:00,False,100.0,100.0,20.0,0.0,25.0,81.25,,auto-include,Crossref DOI,b192694f26124fa8ae2c647f4081d5b5
Internet of Things (IoT) Cybersecurity Research: A Review of Current Research Topics,Yang Lu; Li Da Xu,2018.0,IEEE Internet of Things Journal,10.1109/jiot.2018.2869847,,https://doi.org/10.1109/jiot.2018.2869847,OpenAlex,cybersecurity,discovery,559.0,126.0,,536,2026-04-24T20:55:25.328495+00:00,False,100.0,100.0,20.0,0.0,37.5,84.38,,auto-include,Crossref DOI,b192694f26124fa8ae2c647f4081d5b5
Cybersecurity for Critical Infrastructures: Attack and Defense Modeling,Chee-Wooi Ten; Govindarasu Manimaran; Chen-Ching Liu,2010.0,"IEEE Transactions on Systems, Man, and Cybernetics - Part A: Systems and Humans",10.1109/tsmca.2010.2048028,,https://doi.org/10.1109/tsmca.2010.2048028,OpenAlex,cybersecurity,discovery,432.0,80.0,,538,2026-04-24T20:55:25.328495+00:00,False,100.0,100.0,20.0,0.0,12.5,78.12,,auto-include,Crossref DOI,b192694f26124fa8ae2c647f4081d5b5
The Cybersecurity Landscape in Industrial Control Systems,Stephen McLaughlin; Charalambos Konstantinou; Xueyang Wang; Lucas Davi; Ahmad-Reza Sadeghi; Michail Maniatakos; Ramesh Karri,2016.0,Proceedings of the IEEE,10.1109/jproc.2015.2512235,,https://doi.org/10.1109/jproc.2015.2512235,OpenAlex,cybersecurity,discovery,369.0,110.0,,545,2026-04-24T20:55:25.328495+00:00,False,100.0,100.0,20.0,0.0,12.5,78.12,,auto-include,Crossref DOI,b192694f26124fa8ae2c647f4081d5b5
Harnessing Artificial Intelligence Capabilities to Improve Cybersecurity,Sherali Zeadally; Erwin Adi; Zubair Baig; Imran A. Khan,2020.0,IEEE Access,10.1109/access.2020.2968045,,https://doi.org/10.1109/access.2020.2968045,OpenAlex,cybersecurity,discovery,300.0,184.0,,549,2026-04-24T20:55:25.328495+00:00,False,100.0,100.0,20.0,0.0,25.0,81.25,,auto-include,Crossref DOI,b192694f26124fa8ae2c647f4081d5b5
Data-Driven Cybersecurity Incident Prediction: A Survey,Nan Sun; Jun Zhang; Paul Rimba; Shang Gao; Leo Yu Zhang; Yang Xiang,2018.0,IEEE Communications Surveys &amp; Tutorials,10.1109/comst.2018.2885561,,https://doi.org/10.1109/comst.2018.2885561,OpenAlex,cybersecurity,discovery,331.0,110.0,,550,2026-04-24T20:55:25.328495+00:00,False,100.0,100.0,20.0,0.0,12.5,78.12,,auto-include,Crossref DOI,b192694f26124fa8ae2c647f4081d5b5
The simple economics of cybercrimes,N. Kshetri,2006.0,IEEE Security &amp; Privacy Magazine,10.1109/msp.2006.27,,https://doi.org/10.1109/msp.2006.27,OpenAlex,cybercrime,discovery,140.0,18.0,,650,2026-04-24T20:55:25.328495+00:00,False,100.0,100.0,20.0,0.0,12.5,78.12,,auto-include,Crossref DOI,b192694f26124fa8ae2c647f4081d5b5
Comprehensive Review of Cybercrime Detection Techniques,Wadha Abdullah Al-Khater; Somaya Al-Maadeed; Abdulghani Ali Ahmed; Ali Safaa Sadiq; Muhammad Khurram Khan,2020.0,IEEE Access,10.1109/access.2020.3011259,,https://doi.org/10.1109/access.2020.3011259,OpenAlex,cybercrime,discovery,133.0,105.0,,653,2026-04-24T20:55:25.328495+00:00,False,100.0,100.0,20.0,0.0,25.0,81.25,,auto-include,Crossref DOI,b192694f26124fa8ae2c647f4081d5b5
Online Social Networks: Threats and Solutions,Michael Fire; Roy Goldschmidt; Yuval Elovici,2014.0,IEEE Communications Surveys &amp; Tutorials,10.1109/comst.2014.2321628,,https://doi.org/10.1109/comst.2014.2321628,OpenAlex,online threats,discovery,261.0,68.0,,676,2026-04-24T20:55:25.328495+00:00,False,100.0,100.0,20.0,0.0,50.0,87.5,,auto-include,Crossref DOI,b192694f26124fa8ae2c647f4081d5b5
"A Survey on Advanced Persistent Threats: Techniques, Solutions, Challenges, and Research Opportunities",Adel Alshamrani; Sowmya Myneni; Ankur Chowdhary; Dijiang Huang,2019.0,IEEE Communications Surveys &amp; Tutorials,10.1109/comst.2019.2891891,,https://doi.org/10.1109/comst.2019.2891891,OpenAlex,advanced persistent threats,discovery,568.0,99.0,,797,2026-04-24T20:55:25.328495+00:00,False,100.0,100.0,20.0,0.0,75.0,93.75,,auto-include,Crossref DOI,b192694f26124fa8ae2c647f4081d5b5
CSKG4APT: A Cybersecurity Knowledge Graph for Advanced Persistent Threat Organization Attribution,Yitong Ren; Yanjun Xiao; Yinghai Zhou; Zhiyong Zhang; Zhihong Tian,2022.0,IEEE Transactions on Knowledge and Data Engineering,10.1109/tkde.2022.3175719,,https://doi.org/10.1109/tkde.2022.3175719,OpenAlex,advanced persistent threats,discovery,185.0,41.0,,801,2026-04-24T20:55:25.328495+00:00,False,100.0,100.0,20.0,0.0,62.5,90.62,,auto-include,Crossref DOI,b192694f26124fa8ae2c647f4081d5b5
Targeted Cyber Attacks - A Superset of Advanced Persistent Threats,Aditya K Sood; Richard Enbody,2012.0,IEEE Security &amp; Privacy Magazine,10.1109/msp.2012.90,,https://doi.org/10.1109/msp.2012.90,OpenAlex,advanced persistent threats,discovery,190.0,8.0,,804,2026-04-24T20:55:25.328495+00:00,False,100.0,100.0,20.0,0.0,50.0,87.5,,auto-include,Crossref DOI,b192694f26124fa8ae2c647f4081d5b5
Machine Learning-Enabled IoT Security: Open Issues and Challenges Under Advanced Persistent Threats,Zhiyan Chen; Jinxin Liu; Yu Shen; Murat Simsek; Burak Kantarci; Hussein T. Mouftah; Petar Djukic,2022.0,ACM Computing Surveys,10.1145/3530812,"Despite its technological benefits, the Internet of Things (IoT) has cyber weaknesses due to vulnerabilities in the wireless medium. Machine Larning (ML)-based methods are widely used against cyber threats in IoT networks with promising performance. An Advanced Persistent Threat (APT) is prominent for cybercriminals to compromise networks, and it is crucial to long-term and harmful characteristics. However, it is difficult to apply ML-based approaches to identify APT attacks to obtain a promising detection performance due to an extremely small percentage among normal traffic. There are limited surveys that fully investigate APT attacks in IoT networks due to the lack of public datasets with all types of APT attacks. It is worth bridging the state of the art in network attack detection with APT attack detection in a comprehensive review article. This survey article reviews the security challenges in IoT networks and presents well-known attacks, APT attacks, and threat models in IoT systems. Meanwhile, signature-based, anomaly-based, and hybrid intrusion detection systems are summarized for IoT networks. The article highlights statistical insights regarding frequently applied ML-based methods against network intrusion. Finally, open issues and challenges for common network intrusion and APT attacks are presented for future research.",https://doi.org/10.1145/3530812,OpenAlex,advanced persistent threats,discovery,136.0,181.0,,819,2026-04-24T20:55:25.328495+00:00,False,100.0,100.0,20.0,0.0,100.0,100.0,,auto-include,Crossref DOI,b192694f26124fa8ae2c647f4081d5b5
RAIN: Refinable Attack Investigation with On-demand Inter-Process Information Flow Tracking,Yang Ji; Sangho Lee; Evan Downing; Weiren Wang; Mattia Fazzini; Taesoo Kim; Alessandro Orso; Wenke Lee,2017.0,Proceedings of the 2017 ACM SIGSAC Conference on Computer and Communications Security,10.1145/3133956.3134045,,https://doi.org/10.1145/3133956.3134045,Semantic Scholar citation chain,HOLMES: Real-Time APT Detection through Correlation of Suspicious Information Flows,backward chaining,119.0,0.0,,863,2026-04-24T20:55:25.328495+00:00,False,100.0,100.0,20.0,0.0,12.5,78.12,,auto-include,Crossref DOI,b192694f26124fa8ae2c647f4081d5b5
Advanced Persistent Threat Detection Using Data Provenance and Metric Learning,Khandakar Ashrafi Akbar; Yigong Wang; Gbadebo Ayoade; Yang Gao; Anoop Singhal; Latifur Khan; Bhavani Thuraisingham; Kangkook Jee,2023.0,IEEE Transactions on Dependable and Secure Computing,10.1109/tdsc.2022.3221789,"Advanced persistent threats (APT) have increased in recent times as a result of the rise in interest by nation-states and sophisticated corporations to obtain high-profile information. Typically, APT attacks are more challenging to detect since they leverage zero-day attacks and common benign tools. Furthermore, these attack campaigns are often prolonged to evade detection. We leverage an approach that uses a provenance graph to obtain execution traces of host nodes in order to detect anomalous behavior. By using the provenance graph, we extract features that are then used to train an online adaptive metric learning. Online metric learning is a deep learning method that learns a function to minimize the separation between similar classes and maximizes the separation between dis- similar instances. We compare our approach with baseline models and we show our method outperforms the baseline models by increasing detection accuracy on average by 11.3% and increases True positive rate (TPR) on average by 18.3%. We also show that our method outperforms several state-of-the-art models performances in comprehensive attack datasets in both binary and multi-class settings.",https://doi.org/10.1109/tdsc.2022.3221789,Semantic Scholar citation chain,A Study on Advanced Persistent Threats,backward chaining,23.0,0.0,,864,2026-04-24T20:55:25.328495+00:00,False,100.0,68.86,20.0,0.0,75.0,81.29,,auto-include,Crossref DOI,b192694f26124fa8ae2c647f4081d5b5
Experimental Investigation and Numerical Simulation on the Crack Initiation and Propagation of Rock With Pre-Existing Cracks,Xun Xi; Xu Wu; Qifeng Guo; Meifeng Cai,2020.0,IEEE Access,10.1109/access.2020.3009230,"Rock mass behavior is determined not only by the properties of the rock matrix but also mostly by the pre-existing cracks in the rock mass. Before the overall failure of rock, the crack initiation and propagation around the tip of pre-existing cracks (i.e., pre-crack) will occur and contribute to rock failure. In this paper, the deep granite from a gold mine is taken and made to specimens with the pre-crack of 0.3 mm thickness. Uniaxial compression tests are carried out on the pre-cracked specimens. The acoustic emission (AE) sensors and digital image correlation (DIC) system are employed to record the failure characteristics of the specimens. The extended finite element method (XFEM) with the non-local stress field calculation is used to simulate the crack initiation and propagation of pre-cracks. The crack patterns, opening and shearing displacements of the cracked surface, and the crack length development are obtained from numerical simulations. Finally, the effects of friction of crack surface on the crack pattern and crack propagation are investigated and discussed. It has been found that, for pre-cracked specimens, crack initiation and propagation will occur when the stress is much smaller than the rock compressive strength. And in the range of pre-crack angle 30-60°, the larger the pre-crack angle is, the larger the compressive strength is. The crack patterns from numerical simulations have a good agreement with those from experimented DIC results. Moreover, the order of crack propagation speed is consistent with the order of the compressive strength. The crack pattern and crack propagation are affected by the friction coefficient of the cracked surface.",https://doi.org/10.1109/access.2020.3009230,Semantic Scholar citation chain,Experimental investigation of progressive cracking processes in granite under uniaxial loading using digital imaging and AE techniques,backward chaining,49.0,0.0,,865,2026-04-24T20:55:25.328495+00:00,False,100.0,84.77,20.0,0.0,37.5,78.28,,auto-include,Crossref DOI,b192694f26124fa8ae2c647f4081d5b5
"ChatGPT for Education and Research: Opportunities, Threats, and Strategies",Md. Mostafizer Rahman; Yutaka Watanobe,2023.0,Applied Sciences,10.3390/app13095783,"In recent years, the rise of advanced artificial intelligence technologies has had a profound impact on many fields, including education and research. One such technology is ChatGPT, a powerful large language model developed by OpenAI. This technology offers exciting opportunities for students and educators, including personalized feedback, increased accessibility, interactive conversations, lesson preparation, evaluation, and new ways to teach complex concepts. However, ChatGPT poses different threats to the traditional education and research system, including the possibility of cheating on online exams, human-like text generation, diminished critical thinking skills, and difficulties in evaluating information generated by ChatGPT. This study explores the potential opportunities and threats that ChatGPT poses to overall education from the perspective of students and educators. Furthermore, for programming learning, we explore how ChatGPT helps students improve their programming skills. To demonstrate this, we conducted different coding-related experiments with ChatGPT, including code generation from problem descriptions, pseudocode generation of algorithms from texts, and code correction. The generated codes are validated with an online judge system to evaluate their accuracy. In addition, we conducted several surveys with students and teachers to find out how ChatGPT supports programming learning and teaching. Finally, we present the survey results and analysis.",https://doi.org/10.3390/app13095783,Semantic Scholar,online threats,discovery,847.0,,,886,2026-04-24T20:55:25.328495+00:00,False,40.0,100.0,20.0,0.0,87.5,75.88,,auto-include,Crossref DOI,b192694f26124fa8ae2c647f4081d5b5
Survey of Online Social Networks Threats and Solutions,Muneer Bani Yassein; Shadi Aljawarneh; Yarub A. Wahsheh,2019.0,2019 IEEE Jordan International Joint Conference on Electrical Engineering and Information Technology (JEEIT),10.1109/jeeit.2019.8717381,"In the last few years, a new form of Internet-based services has started, which is called Online Social Networks (OSNs). The impact of OSNs on human lives is foreseen to be very large with unprecedented amount of data and users. OSN users share their ideas, photos, daily life events, feelings and news. Since OSNs’ security and privacy challenges are more potential than ever before, it is necessary to enhance the protection and filtering approaches of OSNs contents. This paper provides a comprehensive analysis of OSNs’ threats and challenges, and categorize them into: account-based, URL-based and content-based threats. We analyze the existing protection methods and highlight their limitations and weaknesses. Finally, we provide a set of recommendations for a security system that fill the gaps of the currently applied methods.",https://doi.org/10.1109/jeeit.2019.8717381,Semantic Scholar,online threats,discovery,53.0,,,891,2026-04-24T20:55:25.328495+00:00,False,100.0,86.43,20.0,0.0,75.0,88.32,,auto-include,Crossref DOI,b192694f26124fa8ae2c647f4081d5b5
Spatiotemporal social media analytics for abnormal event detection and examination using seasonal-trend decomposition,Junghoon Chae; Dennis Thom; Harald Bosch; Yun Jang; Ross Maciejewski; David S. Ebert; Thomas Ertl,2012.0,2012 IEEE Conference on Visual Analytics Science and Technology (VAST),10.1109/vast.2012.6400557,,https://doi.org/10.1109/vast.2012.6400557,Semantic Scholar citation chain,Social Media Analytics and Intelligence,backward chaining,297.0,0.0,,973,2026-04-24T20:55:25.328495+00:00,False,100.0,100.0,20.0,0.0,25.0,81.25,,auto-include,Crossref DOI,b192694f26124fa8ae2c647f4081d5b5
Nonreciprocity Compensation Combined With Turbo Codes for Secret Key Generation in Vehicular Ad Hoc Social IoT Networks,Gregory Epiphaniou; Petros Karadimas; Dhouha Kbaier Ben Ismail; Haider Al-Khateeb; Ali Dehghantanha; Kim-Kwang Raymond Choo,2018.0,IEEE Internet of Things Journal,10.1109/jiot.2017.2764384,"The physical attributes of the dynamic vehicle-to-vehicle propagation channel can be utilized for the generation of highly random and symmetric cryptographic keys. However, in a physical-layer key agreement scheme, nonreciprocity due to inherent channel noise and hardware impairments can propagate bit disagreements. This has to be addressed prior to the symmetric key generation which is inherently important in Social Internet of Things networks, including in adversarial settings (e.g., battlefields). In this paper, we parametrically incorporate temporal variability attributes, such as 3-D scattering and scatterers’ mobility. Accordingly, this is the first work to incorporate such features into the key generation process by combining nonreciprocity compensation with turbo codes (TCs). Preliminary results indicate a significant improvement when using TCs in bit mismatch rate and key generation rate in comparison to sample indexing techniques.",https://doi.org/10.1109/jiot.2017.2764384,Semantic Scholar citation chain,Detection of advanced persistent threat using machine-learning correlation analysis,backward chaining,44.0,0.0,,977,2026-04-24T20:55:25.328495+00:00,False,100.0,82.48,20.0,0.0,37.5,77.37,,auto-include,Crossref DOI,b192694f26124fa8ae2c647f4081d5b5
Open-CyKG: An Open Cyber Threat Intelligence Knowledge Graph,Injy Sarhan; Marco Spruit,2021.0,Knowledge-Based Systems,10.1016/j.knosys.2021.107524,"Abstract Instant analysis of cybersecurity reports is a fundamental challenge for security experts as an immeasurable amount of cyber information is generated on a daily basis, which necessitates automated information extraction tools to facilitate querying and retrieval of data. Hence, we present Open-CyKG: an Open Cyber Threat Intelligence (CTI) Knowledge Graph (KG) framework that is constructed using an attention-based neural Open Information Extraction (OIE) model to extract valuable cyber threat information from unstructured Advanced Persistent Threat (APT) reports. More specifically, we first identify relevant entities by developing a neural cybersecurity Named Entity Recognizer (NER) that aids in labeling relation triples generated by the OIE model. Afterwards, the extracted structured data is canonicalized to build the KG by employing fusion techniques using word embeddings. As a result, security professionals can execute queries to retrieve valuable information from the Open-CyKG framework. Experimental results demonstrate that our proposed components that build up Open-CyKG outperform state-of-the-art models. 1",https://doi.org/10.1016/j.knosys.2021.107524,Semantic Scholar citation chain,Detecting Cybersecurity Attacks in Internet of Things Using Artificial Intelligence Methods: A Systematic Literature Review,backward chaining,96.0,0.0,,6890,2026-04-24T20:55:25.328495+00:00,False,40.0,99.12,20.0,0.0,100.0,78.65,,auto-include,Crossref DOI,b192694f26124fa8ae2c647f4081d5b5
Introducing Social Media Intelligence (SOCMINT),David Omand; Jamie Bartlett; Carl Miller,2012.0,Intelligence and National Security,10.1080/02684527.2012.716965,,https://doi.org/10.1080/02684527.2012.716965,OpenAlex,social media intelligence,discovery,132.0,0.0,,147,2026-04-24T20:55:25.328495+00:00,False,100.0,100.0,20.0,0.0,37.5,84.38,Quality uncertain or moderate,human review,Crossref DOI,b192694f26124fa8ae2c647f4081d5b5
"PhysioBank, PhysioToolkit, and PhysioNet",Ary L. Goldberger; Luis A. N. Amaral; Leon Glass; Jeffrey M. Hausdorff; Plamen Ch. Ivanov; Roger G. Mark; Joseph E. Mietus; George B. Moody; Chung-Kang Peng; H. Eugene Stanley,2000.0,Circulation,10.1161/01.cir.101.23.e215,"Abstract —The newly inaugurated Research Resource for Complex Physiologic Signals, which was created under the auspices of the National Center for Research Resources of the National Institutes of Health, is intended to stimulate current research and new investigations in the study of cardiovascular and other complex biomedical signals. The resource has 3 interdependent components. PhysioBank is a large and growing archive of well-characterized digital recordings of physiological signals and related data for use by the biomedical research community. It currently includes databases of multiparameter cardiopulmonary, neural, and other biomedical signals from healthy subjects and from patients with a variety of conditions with major public health implications, including life-threatening arrhythmias, congestive heart failure, sleep apnea, neurological disorders, and aging. PhysioToolkit is a library of open-source software for physiological signal processing and analysis, the detection of physiologically significant events using both classic techniques and novel methods based on statistical physics and nonlinear dynamics, the interactive display and characterization of signals, the creation of new databases, the simulation of physiological and other signals, the quantitative evaluation and comparison of analysis methods, and the analysis of nonstationary processes. PhysioNet is an on-line forum for the dissemination and exchange of recorded biomedical signals and open-source software for analyzing them. It provides facilities for the cooperative analysis of data and the evaluation of proposed new algorithms. In addition to providing free electronic access to PhysioBank data and PhysioToolkit software via the World Wide Web (http://www.physionet.org), PhysioNet offers services and training via on-line tutorials to assist users with varying levels of expertise.",https://doi.org/10.1161/01.cir.101.23.e215,OpenAlex,digital investigation techniques,discovery,14292.0,29.0,,212,2026-04-24T20:55:25.328495+00:00,False,40.0,100.0,20.0,0.0,100.0,79.0,Quality uncertain or moderate,human review,Crossref DOI,b192694f26124fa8ae2c647f4081d5b5
Incremental Hacker Forum Exploit Collection and Classification for Proactive Cyber Threat Intelligence: An Exploratory Study,Ryan Williams; Sagar Samtani; Mark Patton; Hsinchun Chen,2018.0,2018 IEEE International Conference on Intelligence and Security Informatics (ISI),10.1109/isi.2018.8587336,,https://doi.org/10.1109/isi.2018.8587336,OpenAlex,threat intelligence collection,discovery,39.0,12.0,,266,2026-04-24T20:55:25.328495+00:00,False,100.0,79.93,20.0,0.0,37.5,76.35,Quality uncertain or moderate,human review,Crossref DOI,b192694f26124fa8ae2c647f4081d5b5
MISP,Cynthia Wagner; Alexandre Dulaunoy; Gérard Wagener; Andras Iklody,2016.0,Proceedings of the 2016 ACM on Workshop on Information Sharing and Collaborative Security,10.1145/2994539.2994542,,https://doi.org/10.1145/2994539.2994542,OpenAlex,threat intelligence collection,discovery,214.0,21.0,,272,2026-04-24T20:55:25.328495+00:00,False,100.0,100.0,20.0,0.0,0.0,75.0,Quality uncertain or moderate,human review,Crossref DOI,b192694f26124fa8ae2c647f4081d5b5
Chatbots in Education and Research: A Critical Examination of Ethical Implications and Solutions,Chokri Kooli,2023.0,Sustainability,10.3390/su15075614,"A new era of education and research based on chatbots and artificial intelligence is quickly growing. However, the application of these new systems is associated with several challenges and limitations, mainly related to ethics. This paper explores the potential use of AI systems and chatbots in the academic field and their impact on research and education from an ethical perspective. Through a qualitative methodology, the researcher perform exploratory research and data collection based on expert analysis and interpretation. The researcher conducted a comprehensive review of the main potential challenges associated with the use of chatbots in education and research to identify current practices, challenges, and opportunities. This explorative work provides a foundational understanding of the studied topic. It also helps us to better understand the subjective experiences and perspectives of the observed phenomenon, and uncovers their meanings and proposes potential solutions to the observed issues. This study examines the advantages and limitations of AI systems and chatbots, as well as their role in supporting human expertise and judgment. The paper also discusses the ethical challenges related to the use of AI systems and chatbots in research, as well as the potential for misuse and exploitation. It also proposes effective solutions to the observed ethical dilemmas. The research admits that we live in a new era of AI-based education and research. The observed technological advancements will definitely shift research processes and transform educative systems, especially in term of assessments. Digital assessments are going to disappear and assessment methods need to be more creative and innovative. The paper highlights the necessity of adaptation to the new reality of AI systems and chatbots. Co-living, sustainability and continuous adaptation to the development of these systems will become a matter of emergency. Raising awareness, adopting appropriate legislations and solidifying ethical values will strengthen research and protect educational systems. The presence of AI systems and chatbots in education needs to be considered as an opportunity for development rather than a threat.",https://doi.org/10.3390/su15075614,OpenAlex,threat intelligence collection,discovery,582.0,27.0,,275,2026-04-24T20:55:25.328495+00:00,False,40.0,100.0,20.0,0.0,100.0,79.0,Quality uncertain or moderate,human review,Crossref DOI,b192694f26124fa8ae2c647f4081d5b5
Taxonomy Model for Cyber Threat Intelligence Information Exchange Technologies,Eric W. Burger; Michael D. Goodman; Panos Kampanakis; Kevin A. Zhu,2014.0,Proceedings of the 2014 ACM Workshop on Information Sharing &amp; Collaborative Security,10.1145/2663876.2663883,,https://doi.org/10.1145/2663876.2663883,OpenAlex,threat intelligence collection,discovery,128.0,10.0,,278,2026-04-24T20:55:25.328495+00:00,False,100.0,100.0,20.0,0.0,25.0,81.25,Quality uncertain or moderate,human review,Crossref DOI,b192694f26124fa8ae2c647f4081d5b5
inTIME: A Machine Learning-Based Framework for Gathering and Leveraging Web Data to Cyber-Threat Intelligence,Paris Koloveas; Thanasis Chantzios; Sofia Alevizopoulou; Spiros Skiadopoulos; Christos Tryfonopoulos,2021.0,Electronics,10.3390/electronics10070818,"In today’s world, technology has become deep-rooted and more accessible than ever over a plethora of different devices and platforms, ranging from company servers and commodity PCs to mobile phones and wearables, interconnecting a wide range of stakeholders such as households, organizations and critical infrastructures. The sheer volume and variety of the different operating systems, the device particularities, the various usage domains and the accessibility-ready nature of the platforms creates a vast and complex threat landscape that is difficult to contain. Staying on top of these evolving cyber-threats has become an increasingly difficult task that presently relies heavily on collecting and utilising cyber-threat intelligence before an attack (or at least shortly after, to minimize the damage) and entails the collection, analysis, leveraging and sharing of huge volumes of data. In this work, we put forward inTIME, a machine learning-based integrated framework that provides an holistic view in the cyber-threat intelligence process and allows security analysts to easily identify, collect, analyse, extract, integrate, and share cyber-threat intelligence from a wide variety of online sources including clear/deep/dark web sites, forums and marketplaces, popular social networks, trusted structured sources (e.g., known security databases), or other datastore types (e.g., pastebins). inTIME is a zero-administration, open-source, integrated framework that enables security analysts and security stakeholders to (i) easily deploy a wide variety of data acquisition services (such as focused web crawlers, site scrapers, domain downloaders, social media monitors), (ii) automatically rank the collected content according to its potential to contain useful intelligence, (iii) identify and extract cyber-threat intelligence and security artifacts via automated natural language understanding processes, (iv) leverage the identified intelligence to actionable items by semi-automatic entity disambiguation, linkage and correlation, and (v) manage, share or collaborate on the stored intelligence via open standards and intuitive tools. To the best of our knowledge, this is the first solution in the literature to provide an end-to-end cyber-threat intelligence management platform that is able to support the complete threat lifecycle via an integrated, simple-to-use, yet extensible framework.",https://doi.org/10.3390/electronics10070818,OpenAlex,threat intelligence collection,discovery,65.0,80.0,,286,2026-04-24T20:55:25.328495+00:00,False,40.0,90.78,20.0,0.0,100.0,75.31,Quality uncertain or moderate,human review,Crossref DOI,b192694f26124fa8ae2c647f4081d5b5
The Significance of Machine Learning and Deep Learning Techniques in Cybersecurity: A Comprehensive Review,Maad Mijwil; Israa Ezzat Salem; Marwa M. Ismaeel,2023.0,Iraqi Journal for Computer Science and Mathematics,10.52866/ijcsm.2023.01.01.008,"People in the modern era spend most of their lives in virtual environments that offer a range of public and private services and social platforms. Therefore, these environments need to be protected from cyber attackers that can steal data or disrupt systems. Cybersecurity refers to a collection of technical, organizational, and executive means for preventing the unauthorized use or misuse of electronic information and communication systems to ensure the continuity of their work, guarantee the confidentiality and privacy of personal data, and protect consumers from threats and intrusions. Accordingly, this article explores the cybersecurity practices that protect computer systems from attacks, hacking, and data thefts and investigates the role of artificial intelligence in this domain. This article also summarizes the most significant literature that explore the roles and effects of machine learning and deep learning techniques in cybersecurity. Results show that machine learning and deep learning techniques play significant roles in protecting computer systems from unauthorized entry and in controlling system penetration by predicting and understanding the behaviour and traffic of malicious software.",https://doi.org/10.52866/ijcsm.2023.01.01.008,OpenAlex,threat intelligence collection,discovery,100.0,82.0,,290,2026-04-24T20:55:25.328495+00:00,False,40.0,100.0,20.0,0.0,87.5,75.88,Quality uncertain or moderate,human review,Crossref DOI,b192694f26124fa8ae2c647f4081d5b5
Storing and querying ordered XML using a relational database system,Igor Tatarinov; Stratis D. Viglas; Kevin Beyer; Jayavel Shanmugasundaram; Eugene Shekita; Chun Zhang,2002.0,Proceedings of the 2002 ACM SIGMOD international conference on Management of data,10.1145/564691.564715,,https://doi.org/10.1145/564691.564715,OpenAlex,internet investigation methods,discovery,2251.0,25.0,,328,2026-04-24T20:55:25.328495+00:00,False,100.0,100.0,20.0,0.0,0.0,75.0,Quality uncertain or moderate,human review,Crossref DOI,b192694f26124fa8ae2c647f4081d5b5
Exploring the Dark Web for Cyber Threat Intelligence using Machine Leaning,Masashi KADOGUCHI; Shota HAYASHI; Masaki HASHIMOTO; Akira OTSUKA,2019.0,2019 IEEE International Conference on Intelligence and Security Informatics (ISI),10.1109/isi.2019.8823360,,https://doi.org/10.1109/isi.2019.8823360,OpenAlex,dark web intelligence,discovery,50.0,0.0,,405,2026-04-24T20:55:25.328495+00:00,False,100.0,85.19,20.0,0.0,50.0,81.58,Quality uncertain or moderate,human review,Crossref DOI,b192694f26124fa8ae2c647f4081d5b5
Linking Exploits from the Dark Web to Known Vulnerabilities for Proactive Cyber Threat Intelligence: An Attention-based Deep Structured Semantic Model,Sagar Samtani; Yidong Chai; Hsinchun Chen,2022.0,MIS Quarterly,10.25300/misq/2022/15392,"Black hat hackers use malicious exploits to circumvent security controls and take advantage of system vulnerabilities worldwide, costing the global economy over $450 billion annually. While many organizations are increasingly turning to cyber threat intelligence (CTI) to help prioritize their vulnerabilities, extant CTI processes are often criticized as being reactive to known exploits. One promising data source that can help develop proactive CTI is the vast and ever-evolving Dark Web. In this study, we adopted the computational design science paradigm to design a novel deep learning (DL)-based exploit-vulnerability attention deep structured semantic model (EVA-DSSM) that includes bidirectional processing and attention mechanisms to automatically link exploits from the Dark Web to vulnerabilities. We also devised a novel device vulnerability severity metric (DVSM) that incorporates the exploit post date and vulnerability severity to help cybersecurity professionals with their device prioritization and risk management efforts. We rigorously evaluated the EVA-DSSM against state-of-the-art non-DL and DL-based methods for short text matching on 52,590 exploit-vulnerability linkages across four testbeds: web application, remote, local, and denial of service. Results of these evaluations indicate that the proposed EVA-DSSM achieves precision at 1 scores 20% - 41% higher than non-DL approaches and 4% - 10% higher than DL-based approaches. We demonstrated the EVA-DSSM’s and DVSM’s practical utility with two CTI case studies: openly accessible systems in the top eight U.S. hospitals and over 20,000 Supervisory Control and Data Acquisition (SCADA) systems worldwide. A complementary user evaluation of the case study results indicated that 45 cybersecurity professionals found the EVA-DSSM and DVSM results more useful for exploit-vulnerability linking and risk prioritization activities than those produced by prevailing approaches. Given the rising cost of cyberattacks, the EVA-DSSM and DVSM have important implications for analysts in security operations centers, incident response teams, and cybersecurity vendors.",https://doi.org/10.25300/misq/2022/15392,OpenAlex,dark web intelligence,discovery,74.0,90.0,,406,2026-04-24T20:55:25.328495+00:00,False,40.0,93.55,20.0,0.0,100.0,76.42,Quality uncertain or moderate,human review,Crossref DOI,b192694f26124fa8ae2c647f4081d5b5
"A Crawler Architecture for Harvesting the Clear, Social, and Dark Web for IoT-Related Cyber-Threat Intelligence",Paris Koloveas; Thanasis Chantzios; Christos Tryfonopoulos; Spiros Skiadopoulos,2019.0,2019 IEEE World Congress on Services (SERVICES),10.1109/services.2019.00016,,https://doi.org/10.1109/services.2019.00016,OpenAlex,dark web intelligence,discovery,42.0,38.0,,407,2026-04-24T20:55:25.328495+00:00,False,100.0,81.5,20.0,0.0,62.5,83.22,Quality uncertain or moderate,human review,Crossref DOI,b192694f26124fa8ae2c647f4081d5b5
On the abandonment and survival of open source projects: An empirical investigation,Guilherme Avelino; Eleni Constantinou; Marco Tulio Valente; Alexander Serebrenik,2019.0,2019 ACM/IEEE International Symposium on Empirical Software Engineering and Measurement (ESEM),10.1109/esem.2019.8870181,,https://doi.org/10.1109/esem.2019.8870181,OpenAlex,open source investigation,discovery,91.0,60.0,,492,2026-04-24T20:55:25.328495+00:00,False,100.0,97.98,20.0,0.0,37.5,83.57,Quality uncertain or moderate,human review,Crossref DOI,b192694f26124fa8ae2c647f4081d5b5
An empirical investigation into a large-scale Java open source code repository,Mark Grechanik; Collin McMillan; Luca DeFerrari; Marco Comi; Stefano Crespi; Denys Poshyvanyk; Chen Fu; Qing Xie; Carlo Ghezzi,2010.0,Proceedings of the 2010 ACM-IEEE International Symposium on Empirical Software Engineering and Measurement,10.1145/1852786.1852801,,https://doi.org/10.1145/1852786.1852801,OpenAlex,open source investigation,discovery,91.0,26.0,,501,2026-04-24T20:55:25.328495+00:00,False,100.0,97.98,20.0,0.0,37.5,83.57,Quality uncertain or moderate,human review,Crossref DOI,b192694f26124fa8ae2c647f4081d5b5
"Wise Choices, Apt Feelings",Allan Gibbard,1990.0,Oxford University PressOxford,10.1093/oso/9780198249856.001.0001,"Abstract `Choices can be wise or foolish, and feelings can be apt or off the mark.' Since this is how we judge, it would be good to know what content these normative judgements carry. Gibbard offers an answer, and elaborates it. His theory explores what is at issue in narrowly moral questions, and in questions of rational thought and conduct in general. It helps to explain why normative thought and talk so pervade human life, and why our highly social species might have evolved to be gripped by these questions. Gibbard asks how, if his theory is right, we can interpret our normative puzzles, and thus proceed toward finding answers to them. What claims to objectivity could we make for these answers, if once we had them? Gibbard maintains that normative philosophical inquiry is a refinement of a central human activity: working out in discussion how to live, and how to feel about things in our lives and in the lives of others. Not available from OUP in the USA, Canada or the Phillippines.",https://doi.org/10.1093/oso/9780198249856.001.0001,OpenAlex,APT,discovery,2554.0,0.0,,742,2026-04-24T20:55:25.328495+00:00,False,100.0,100.0,20.0,0.0,25.0,81.25,Quality uncertain or moderate,human review,Crossref DOI,b192694f26124fa8ae2c647f4081d5b5
HOLMES: Real-Time APT Detection through Correlation of Suspicious Information Flows,Sadegh M. Milajerdi; Rigel Gjomemo; Birhanu Eshete; R. Sekar; V.N. Venkatakrishnan,2019.0,2019 IEEE Symposium on Security and Privacy (SP),10.1109/sp.2019.00026,,https://doi.org/10.1109/sp.2019.00026,OpenAlex,APT,discovery,453.0,63.0,,750,2026-04-24T20:55:25.328495+00:00,False,100.0,100.0,20.0,0.0,12.5,78.12,Quality uncertain or moderate,human review,Crossref DOI,b192694f26124fa8ae2c647f4081d5b5
Unicorn: Runtime Provenance-Based Detector for Advanced Persistent Threats,Xueyuan Han; Thomas Pasquier; Adam Bates; James Mickens; Margo Seltzer,2020.0,Proceedings 2020 Network and Distributed System Security Symposium,10.14722/ndss.2020.24046,,https://doi.org/10.14722/ndss.2020.24046,OpenAlex,advanced persistent threats,discovery,261.0,100.0,,799,2026-04-24T20:55:25.328495+00:00,False,100.0,100.0,20.0,0.0,50.0,87.5,Quality uncertain or moderate,human review,Crossref DOI,b192694f26124fa8ae2c647f4081d5b5
Dynamic defense strategy against advanced persistent threat with insiders,Pengfei Hu; Hongxing Li; Hao Fu; Derya Cansever; Prasant Mohapatra,2015.0,2015 IEEE Conference on Computer Communications (INFOCOM),10.1109/infocom.2015.7218444,,https://doi.org/10.1109/infocom.2015.7218444,OpenAlex,advanced persistent threats,discovery,162.0,20.0,,805,2026-04-24T20:55:25.328495+00:00,False,100.0,100.0,20.0,0.0,37.5,84.38,Quality uncertain or moderate,human review,Crossref DOI,b192694f26124fa8ae2c647f4081d5b5
Towards a Framework to Detect Multi-stage Advanced Persistent Threats Attacks,Parth Bhatt; Edgar Toshiro Yano; Per Gustavsson,2014.0,2014 IEEE 8th International Symposium on Service Oriented System Engineering,10.1109/sose.2014.53,,https://doi.org/10.1109/sose.2014.53,OpenAlex,advanced persistent threats,discovery,105.0,9.0,,817,2026-04-24T20:55:25.328495+00:00,False,100.0,100.0,20.0,0.0,50.0,87.5,Quality uncertain or moderate,human review,Crossref DOI,b192694f26124fa8ae2c647f4081d5b5
Scaling the Security Wall: Developing a Security Behavior Intentions Scale (SeBIS),Serge Egelman; Eyal Peer,2015.0,Proceedings of the 33rd Annual ACM Conference on Human Factors in Computing Systems,10.1145/2702123.2702249,,https://doi.org/10.1145/2702123.2702249,Semantic Scholar citation chain,"Human factors in cybersecurity; examining the link between Internet addiction, impulsivity, attitudes towards cybersecurity, and risky cybersecurity behaviours",backward chaining,305.0,0.0,,980,2026-04-24T20:55:25.328495+00:00,False,100.0,100.0,20.0,0.0,0.0,75.0,Quality uncertain or moderate,human review,Crossref DOI,b192694f26124fa8ae2c647f4081d5b5
